[
  {
    "hardSkills": [
      {
        "id": 1,
        "name": "SASS",
        "size": "70%"
      },
      {
        "id": 2,
        "name": "PYTHON",
        "size": "70%"
      },
      {
        "id": 3,
        "name": "C#",
        "size": "83%"
      },
      {
        "id": 4,
        "name": "ASP.NET MVC",
        "size": "90%"
      },
      {
        "id": 5,
        "name": "DJANGO",
        "size": "64%"
      },
      {
        "id": 6,
        "name": "VUE JS",
        "size": "78%"
      },
      {
        "id": 7,
        "name": "UX/UI",
        "size": "87%"
      }
    ]
  },
  {
    "softSkills": [
      {
        "id": 1,
        "name": "HTML 5",
        "size": "100%"
      },
      {
        "id": 2,
        "name": "CSS 3",
        "size": "95%"
      },
      {
        "id": 3,
        "name": "BOOTSTRAP",
        "size": "80%"
      },
      {
        "id": 4,
        "name": "VANILLA JS",
        "size": "70%"
      },
      {
        "id": 5,
        "name": "JQUERY",
        "size": "80%"
      },
      {
        "id": 6,
        "name": "AJAX",
        "size": "60%"
      }
    ]
  }
]
