[
  {
    "id": 1,
    "title": "Tip calculator",
    "image": "/src/assets/img/tip-calculator.png",
    "workLink": "",
    "details": {
      "stack": ["HTML", "CSS", "JS"],
      "description": "Calcualates tips for employees, divides tips dependent to the number of employees who have been given a tip."
    }
  },
  {
    "id": 2,
    "title": "Todo List",
    "image": "/src/assets/img/todo-list-js.png",
    "workLink": "",
    "details": {
      "stack": ["HTML", "CSS", "JS"],
      "description": "Manage your daily tasks, add, mark as complete and delete tasks."
    }
  },
  {
    "id": 3,
    "title": "Tik Tac toe",
    "image": "/src/assets/img/tick-tac-toe.png",
    "workLink": "",
    "details": {
      "stack": ["HTML", "CSS", "JS"],
      "description": "Based on Tic Tac Toe game."
    }
  },
  {
    "id": 4,
    "title": "Movie Zone",
    "image": "/src/assets/img/movie-zone.png",
    "workLink": "",
    "details": {
      "stack": ["HTML", "CSS", "VUE", "DJANGO"],
      "description": "A movie app where you can browse all favourite movies and stream online."
    }
  },
  {
    "id": 5,
    "title": "Student Camp",
    "image": "/src/assets/img/student-camp.png",
    "workLink": "",
    "details": {
      "stack": ["HTML", "CSS", "JS", "DJANGO"],
      "description": "Student blog community for learning coding, post articles, questions, comment, like and more."
    }
  },
  {
    "id": 6,
    "title": "Innovation Library",
    "image": "/src/assets/img/innovation-library.png",
    "workLink": "",
    "details": {
      "stack": ["HTML", "CSS", "JS", "ASP.NET MVC"],
      "description": "Online Library, borrow books, purchase books, book library rooms and more."
    }
  },
  {
    "id": 7,
    "title": "Dr Onhand",
    "image": "/src/assets/img/onhand.png",
    "workLink": "",
    "details": {
      "stack": ["HTML", "CSS","Vue", "JS","SASS","DJANGO REST API"],
      "description": "Doctor Appointments Management System, Book Appointments, Generate Patients Prescriptions, Supports online payment."
    }
  },
  {
    "id": 8,
    "title": "E-Commerce",
    "image": "/src/assets/img/eCommerce.png",
    "workLink": "",
    "details": {
      "stack": ["HTML", "JS","SASS","ASP.NET MVC"],
      "description": "Buy online, Supports online payment."
    }
  }
]
